template.hooks	1788479279.0099	1788479279.1108	copy-hooks
template.root	1788479279.1108	1788479279.2316	copy-root-scripts
template.settings	1788479279.2316	1788479279.2556	write-config-and-settings
template.sidecars	1788479279.2556	1788479280.0800	gen-sidecars
template	1788479279.0099	1788479280.0800	TOTAL
run	1788479280.1197	-	START
sandbox	1788479280.1252	1788479280.1558	TOTAL
case	1788479291.0537	-	1.committed-source-passes
sandbox	1788479291.0786	1788479291.1097	TOTAL
case	1788479312.9539	-	SC1.every-registered-hook-starts-in-a-sandbox
sandbox	1788479312.9690	1788479313.0014	TOTAL
case	1788479331.9966	-	SC2.NEGATIVE-CONTROL-deleted-lib-is-named-by-SC1
sandbox	1788479332.0114	1788479332.0435	TOTAL
case	1788479344.6263	-	2.install-noop-rc-0
case	1788479344.6315	-	2.post-install-probe-rc-0
sandbox	1788479344.6470	1788479344.6787	TOTAL
case	1788479354.6088	-	3.hook-removed-fails
sandbox	1788479354.6237	1788479354.6555	TOTAL
case	1788479365.4414	-	4.wrong-path-fails
sandbox	1788479365.4563	1788479365.5048	TOTAL
case	1788479378.2124	-	5.double-install-probe-still-rc-0
sandbox	1788479378.2275	1788479378.2637	TOTAL
case	1788479378.3897	-	6.install-source-missing-rc-2
sandbox	1788479378.4060	1788479378.4378	TOTAL
sandbox	1788479379.4084	1788479379.4407	TOTAL
case	1788479390.3109	-	M1.duplicated-registration-fails
sandbox	1788479390.3266	1788479390.3606	TOTAL
case	1788479402.5269	-	M2.post-migration-probe-passes
sandbox	1788479403.7567	1788479403.7948	TOTAL
case	1788479415.6542	-	M3.machine-specific-probe-passes
sandbox	1788479415.6693	1788479415.7015	TOTAL
case	1788479426.4274	-	M4.intra-file-duplication-fails
sandbox	1788479426.4421	1788479426.4741	TOTAL
case	1788479437.1729	-	8.shim-at-wrong-path-fails
sandbox	1788479437.1872	1788479437.2193	TOTAL
case	1788479448.1946	-	9.canonical-path-wrong-hash-fails
sandbox	1788479448.2093	1788479448.2428	TOTAL
case	1788479458.8631	-	10.symlink-to-outside-fails
sandbox	1788479458.8778	1788479458.9098	TOTAL
case	1788479469.6112	-	11.canonical-with-trailing-args-passes
case	1788479479.0943	-	11b.shim-with-trailing-args-fails
sandbox	1788479479.1093	1788479479.1419	TOTAL
case	1788479489.9731	-	12.canonical-fresh-clone-passes
sandbox	1788479489.9882	1788479490.0218	TOTAL
case	1788479500.7452	-	13.tamper-canonical-guard-fails
sandbox	1788479500.7602	1788479500.7929	TOTAL
case	1788479511.6614	-	14.tamper-canonical-agent-fails
sandbox	1788479511.6771	1788479511.7112	TOTAL
case	1788479522.5875	-	14a.tamper-guard-worktree-isolation-fails
sandbox	1788479522.6014	1788479522.6343	TOTAL
case	1788479533.4209	-	14b.tamper-reader-teammate-hint-fails
sandbox	1788479533.4364	1788479533.4683	TOTAL
case	1788479543.4963	-	14c.chain-entry-missing-fails
sandbox	1788479543.5115	1788479543.5437	TOTAL
case	1788479554.1665	-	14d.chain-out-of-order-fails
sandbox	1788479554.1809	1788479554.2131	TOTAL
case	1788479564.8449	-	15.inline-shim-replace-fails
sandbox	1788479564.8604	1788479564.8906	TOTAL
case	1788479575.6375	-	16.manifest-missing-fails
sandbox	1788479575.6516	1788479575.6826	TOTAL
case	1788479586.5064	-	17.manifest-wrong-hash-fails
sandbox	1788479586.5213	1788479586.5538	TOTAL
case	1788479599.6028	-	19.git-main-checkout-passes
case	1788479609.3164	-	20.git-worktree-invocation-passes
case	1788479618.5947	-	21.worktree-probe-targets-main-settings
case	1788479628.4825	-	32.git-untracked-ignored-settings-local-fails
case	1788479638.3371	-	33.git-untracked-not-ignored-warns-rc-0
sandbox	1788479638.3720	1788479638.4037	TOTAL
case	1788479638.4584	-	22.install-no-python3-refuses
sandbox	1788479638.4753	1788479638.5093	TOTAL
case	1788479638.5620	-	23.probe-no-python3-refuses
sandbox	1788479638.5796	1788479638.6117	TOTAL
case	1788479638.7896	-	24.install-missing-env-flag-refuses
sandbox	1788479638.8067	1788479638.8364	TOTAL
case	1788479638.9692	-	25.install-missing-baseref-refuses
sandbox	1788479638.9866	1788479639.0177	TOTAL
case	1788479650.6339	-	26.probe-catches-env-flag-removed-post-install
sandbox	1788479650.6511	1788479650.6830	TOTAL
case	1788479662.3519	-	27.probe-catches-baseref-removed-post-install
sandbox	1788479662.3676	1788479662.3999	TOTAL
case	1788479674.0472	-	28.both-keys-correct-probe-passes
sandbox	1788479674.0716	1788479674.1052	TOTAL
case	1788479684.3970	-	29.secrets-scanner-not-wired-fails
sandbox	1788479684.4133	1788479684.4444	TOTAL
case	1788479694.8724	-	30.secrets-scanner-tampered-fails
sandbox	1788479694.8895	1788479694.9214	TOTAL
case	1788479706.6211	-	31.secrets-scanner-broken-then-reinstalled-fails
sandbox	1788479706.6378	1788479706.6702	TOTAL
case	1788479716.9351	-	31c.dead-secrets-scanner-fails-layer-K
sandbox	1788479716.9521	1788479716.9841	TOTAL
case	1788479727.6794	-	34.definition-drift-pair-intact-probe-rc-0
sandbox	1788479727.6953	1788479727.7275	TOTAL
case	1788479737.9091	-	35.definition-snapshotter-unwired-fails-layerP
sandbox	1788479737.9249	1788479737.9576	TOTAL
case	1788479747.9578	-	36.definition-drift-guard-unwired-fails
sandbox	1788479747.9717	1788479748.0054	TOTAL
case	1788479758.1884	-	37.definition-drift-guard-tampered-fails
sandbox	1788479758.2022	1788479758.2334	TOTAL
case	1788479768.5387	-	37b.definition-snapshotter-tampered-fails-layerP
sandbox	1788479768.5534	1788479768.5850	TOTAL
case	1788479779.1767	-	38.definition-drift-guard-gutted-fails-layerP-canary
sandbox	1788479779.1910	1788479779.2209	TOTAL
case	1788479789.7970	-	38b.definition-drift-guard-overblocks-fails-layerP-canary
sandbox	1788479789.8136	1788479789.8440	TOTAL
case	1788479799.9788	-	39.definition-snapshotter-duplicated-fails
case	1788479803.6202	-	40.definition-drift-guard-suite-passes
sandbox	1788479803.6262	1788479803.6582	TOTAL
case	1788479814.2959	-	41.reaper-chain-intact-probe-rc-0
sandbox	1788479814.3114	1788479814.3431	TOTAL
case	1788479821.0653	-	42.reaper-wrapper-unwired-fails-layerQ
sandbox	1788479821.0823	1788479821.1178	TOTAL
case	1788479828.0333	-	43.reaper-wrapper-tampered-fails-layerQ
sandbox	1788479828.0482	1788479828.0798	TOTAL
case	1788479834.9368	-	44.reaper-script-tampered-fails-layerQ
sandbox	1788479834.9507	1788479834.9819	TOTAL
case	1788479841.8041	-	44b.reaper-sidecar-missing-fails-layerQ
sandbox	1788479841.8197	1788479841.8496	TOTAL
case	1788479850.3684	-	45.reaper-gutted-fails-layerQ-canary
sandbox	1788479850.3845	1788479850.4148	TOTAL
case	1788479858.9064	-	45c.reaper-overreaches-fails-layerQ-canary
sandbox	1788479858.9224	1788479858.9545	TOTAL
case	1788479865.8229	-	46.reaper-wrapper-duplicated-fails
sandbox	1788479865.8376	1788479865.8701	TOTAL
case	1788479877.5257	-	47b.post-install-probe-passes
case	1788479886.3324	-	48.reaper-wrapper-suite-passes
sandbox	1788479886.3387	1788479886.3683	TOTAL
case	1788479893.2366	-	49.agent-finish-trigger-revived-fails-layerQ
sandbox	1788479893.2531	1788479893.2846	TOTAL
case	1788479902.2015	-	50.wrapper-with-execute-fails-layerQ
sandbox	1788479902.2179	1788479902.2502	TOTAL
case	1788479910.5800	-	50c.wrapper-without-reconciler-fails-layerQ
sandbox	1788479910.5962	1788479910.6293	TOTAL
case	1788479921.5013	-	51.owner-liveness-gate-removed-fails-layerQ4
sandbox	1788479921.5232	1788479921.5562	TOTAL
case	1788479931.9677	-	52.discovery-removed-fails-layerQ4
case	1788479971.8315	-	53.reaper-scope-and-safety-suite-passes
case	1788480017.0553	-	54.reconciler-suite-passes
sandbox	1788480017.0612	1788480017.0959	TOTAL
case	1788480027.8194	-	S1.worktree-removal-guard-not-wired-fails
sandbox	1788480027.8353	1788480027.8652	TOTAL
case	1788480038.1638	-	S2.worktree-removal-guard-wired-twice-fails
sandbox	1788480038.1780	1788480038.2107	TOTAL
case	1788480048.7030	-	S3.gutted-worktree-removal-guard-fails
sandbox	1788480048.7177	1788480048.7499	TOTAL
case	1788480059.2387	-	S4.sanctioned-helper-missing-fails
sandbox	1788480059.2561	1788480059.2886	TOTAL
case	1788480069.6886	-	IP1.interactive-prompt-guard-not-wired-fails
sandbox	1788480069.7037	1788480069.7337	TOTAL
case	1788480080.2713	-	IP2.interactive-prompt-guard-wired-twice-fails
sandbox	1788480080.2852	1788480080.3152	TOTAL
case	1788480090.8241	-	IP3.gutted-interactive-prompt-guard-fails
sandbox	1788480090.8388	1788480090.8708	TOTAL
case	1788480101.2102	-	IP4.shape-table-missing-fails
sandbox	1788480101.2255	1788480101.2559	TOTAL
case	1788480111.6559	-	IP5.dead-guard-that-refuses-everything-fails-despite-matching-hash
case	1788480120.4688	-	IP6.interactive-prompt-guard-suite-passes
case	1788480235.9712	-	IP7.interactive-prompt-mutations-all-load-bearing
sandbox	1788480235.9768	1788480236.0070	TOTAL
case	1788480246.3749	-	IL1.idle-land-gate-not-wired-fails
sandbox	1788480246.3911	1788480246.4237	TOTAL
case	1788480256.6189	-	IL2.missing-analyzer-fails
sandbox	1788480256.6356	1788480256.6692	TOTAL
case	1788480266.9010	-	IL3.replaced-analyzer-fails-on-the-hash
sandbox	1788480266.9152	1788480266.9480	TOTAL
case	1788480277.2671	-	IL4.gutted-gate-fails-despite-matching-hash
sandbox	1788480277.2829	1788480277.3153	TOTAL
case	1788480287.7502	-	IL5.gate-that-refuses-everything-fails-despite-matching-hash
case	1788480295.9141	-	IL6.idle-land-gate-suite-passes
case	1788480445.2718	-	IL7.idle-land-mutations-all-load-bearing
case	1788480450.2041	-	CL1.claim-gate-suite-passes
case	1788480551.6453	-	CL2.claim-gate-mutations-all-load-bearing
case	1788480594.1890	-	RI1.resume-isolation-suite-passes
case	1788480659.0184	-	RI2.resume-isolation-mutations-all-load-bearing
case	1788481041.2113	-	IN2.inflight-notify-mutations-all-load-bearing
case	1788481087.5584	-	WTR1.worktree-removal-mutations-all-load-bearing
sandbox	1788481087.5641	1788481087.5989	TOTAL
case	1788481098.2087	-	MT1.model-tiers-undeclared-fails
case	1788481098.2160	-	MT1b.the-refusal-names-the-blank-declaration
sandbox	1788481098.2305	1788481098.2620	TOTAL
case	1788481108.7221	-	MT2.model-tiers-alias-set-drifts-from-allowed-models-fails
case	1788481108.7294	-	MT2b.the-refusal-names-the-unranked-alias
sandbox	1788481108.7443	1788481108.7762	TOTAL
case	1788481119.0699	-	MT3.doctrine-quotes-a-different-order-fails
case	1788481119.0771	-	MT3b.the-refusal-names-both-orders
sandbox	1788481119.0909	1788481119.1229	TOTAL
case	1788481129.5902	-	MT4.doctrine-says-downgrade-without-quoting-the-data-fails
case	1788481129.5971	-	MT4b.the-refusal-names-the-missing-quotation
sandbox	1788481129.6116	1788481129.6438	TOTAL
case	1788481140.2929	-	MT5.control-declared-and-quoted-passes-the-layer
sandbox	1788481140.3077	1788481140.3401	TOTAL
case	1788481150.9888	-	MC1.no-ceiling-declared-warns-and-does-not-fail
case	1788481150.9958	-	MC1b.the-warning-names-the-missing-declaration
sandbox	1788481151.0578	1788481151.0903	TOTAL
case	1788481161.4241	-	MC2.unrankable-ceiling-fails
case	1788481161.4315	-	MC2b.the-refusal-names-the-unrankable-ceiling
sandbox	1788481161.4465	1788481161.4802	TOTAL
case	1788481171.8707	-	MC3.doctrine-quotes-a-different-ceiling-fails
case	1788481171.8778	-	MC3b.the-refusal-names-both-ceilings
sandbox	1788481171.8919	1788481171.9237	TOTAL
case	1788481182.5605	-	MC4.dead-ceiling-guard-is-caught
case	1788481182.5678	-	MC4b.the-refusal-says-the-guard-did-not-refuse
sandbox	1788481182.5820	1788481182.6140	TOTAL
case	1788481193.3520	-	MC5.control-declared-and-quoted-passes-the-layer
case	1788481311.3173	-	MC6.model-ceiling-mutations-all-load-bearing
case	1788481910.0411	-	WTI1.staffing-gate-mutations-all-load-bearing
case	1788482089.5570	-	MF1.mechanical-findings-mutations-all-load-bearing
case	1788482094.8022	-	SA1.stated-actions-gate-suite-passes
case	1788482257.9695	-	SA2.stated-actions-mutations-all-load-bearing
run	1788482257.9768	-	END
